Index,Database,ID,Type of interactions,Reference,Locality of Studi
1,Web of life,M_PL_001,Pollination,"Arroyo, M.T.K., R. Primack & J.J. Armesto. 1982. Community studies in pollination ecology in the high temperate Andes of central Chile. I. Pollination mechanisms and altitudinal variation. Amer. J. Bot. 69:82-97.","Cordón del Cepo, Chile"
2,Web of life,M_PL_002,Pollination,"Arroyo, M.T.K., R. Primack & J.J. Armesto. 1982. Community studies in pollination ecology in the high temperate Andes of central Chile. I. Pollination mechanisms and altitudinal variation. Amer. J. Bot. 69:82-97.","Cordón del Cepo, Chile"
3,Web of life,M_PL_003,Pollination,"Arroyo, M.T.K., R. Primack & J.J. Armesto. 1982. Community studies in pollination ecology in the high temperate Andes of central Chile. I. Pollination mechanisms and altitudinal variation. Amer. J. Bot. 69:82-97.","Cordón del Cepo, Chile"
4,Web of life,M_PL_004,Pollination,"Barrett, S. C. H., and K. Helenurm. 1987. The Reproductive-Biology of Boreal Forest Herbs.1. Breeding Systems and Pollination. Canadian Journal of Botany 65:2036-2046.","Central New Brunswick, Canada"
5,Web of life,M_PL_005,Pollination,"Clements, R. E., and F. L. Long. 1923, Experimental pollination. An outline of the ecology of flowers and insects. Washington, D.C., USA, Carnegie Institute of Washington.","Pikes Peak, Colorado, USA"
6,Web of life,M_PL_006,Pollination,"Dicks, LV, Corbet, SA and Pywell, RF 2002. Compartmentalization in plant–insect flower visitor webs. J. Anim. Ecol. 71: 32–43.","Hickling, Norfolk, UK"
7,Web of life,M_PL_007,Pollination,"Dicks, LV, Corbet, SA and Pywell, RF 2002. Compartmentalization in plant–insect flower visitor webs. J. Anim. Ecol. 71: 32–43.","Shelfanger, Norfolk, UK"
8,Web of life,M_PL_008,Pollination,"Dupont YL, Hansen DM and Olesen JM (2003) Structure of a plant-flower-visitor network in the high-altitude sub-alpine desert of Tenerife, Canary Islands. Ecography 26:301-310.","Tenerife, Canary Islands"
9,Web of life,M_PL_009,Pollination,"Elberling, H. & Olesen, J. M. 1999. The structure of a high latitude plant-pollinator system: The dominance of flies. Ecography 22:314-323.","Latnjajaure, Abisko, Sweden"
10,Web of life,M_PL_010,Pollination,Elberling & Olesen unpubl.,Zackenberg
11,Web of life,M_PL_011,Pollination,"Olesen, J.M., Eskildsen, L.I. & Venkatasamy, S. (2002). Div. Distr., 8:181-192.",Mauritius Island
12,Web of life,M_PL_012,Pollination,Olesen unpubl.,"Garajonay, Gomera, Spain"
13,Web of life,M_PL_013,Pollination,"Ollerton, J., S. D. Johnson, L. Cranmer, and S. Kellie. 2003. The pollination ecology of an assemblage of grassland asclepiads in South Africa. Annals of Botany 92:807-834.","KwaZulu-Natal region, South Africa"
14,Web of life,M_PL_014,Pollination,"Hocking, B. 1968. Insect-flower associations in the high Arctic with special reference to nectar. Oikos 19:359-388.","Hazen Camp, Ellesmere Island, Canada"
15,Web of life,M_PL_015,Pollination,"Petanidou, T. (1991). Pollination ecology in a phryganic ecosystem. Unp. PhD. Thesis, Aristotelian University, Thessaloniki.","Daphní, Athens, Greece"
16,Web of life,M_PL_016,Pollination,"Herrera, J. (1988) Pollination relatioships in southern spanish mediterranean shrublands. Journal of Ecology 76: 274-287.","Doñana Nat. Park, Spain"
17,Web of life,M_PL_017,Pollination,Memmott J. 1999. The structure of a plant-pollinator food web. Ecology Letters 2:276-280.,"Bristol, England"
18,Web of life,M_PL_018,Pollination,Olesen unpubl.,"Hestehaven, Denmark"
19,Web of life,M_PL_019,Pollination,"Inouye, D. W., and G. H. Pyke. 1988. Pollination biology in the Snowy Mountains of Australia: comparisons with montane Colorado, USA. Australian Journal of Ecology 13:191-210.","Snowy Mountains, Australia"
20,Web of life,M_PL_020,Pollination,"Kevan P. G. 1970. High Arctic insect-flower relations: The interrelationships of arthropods and flowers at Lake Hazen, Ellesmere Island, Northwest Territories, Canada. Ph.D. thesis, University of Alberta, Edmonton, 399 pp.","Hazen Camp, Ellesmere Island, Canada"
21,Web of life,M_PL_021,Pollination,"Kato, M., Kakutani, T., Inoue, T. and Itino, T. (1990). Insect-flower relationship in the primary beech forest of Ashu, Kyoto: An overview of the flowering phenology and the seasonal pattern of insect visits. Contrib. Biol. Lab., Kyoto, Univ., 27, 309-375.","Ashu, Kyoto, Japan"
22,Web of life,M_PL_022,Pollination,"Medan, D., N. H. Montaldo, M. Devoto, A. Mantese, V. Vasellati, and N. H. Bartoloni. 2002. Plant-pollinator relationships at two altitudes in the Andes of Mendoza, Argentina. Arctic Antarctic and Alpine Research 34:233-241.","Laguna Diamante, Mendoza, Argentina"
23,Web of life,M_PL_023,Pollination,"Medan, D., N. H. Montaldo, M. Devoto, A. Mantese, V. Vasellati, and N. H. Bartoloni. 2002. Plant-pollinator relationships at two altitudes in the Andes of Mendoza, Argentina. Arctic Antarctic and Alpine Research 34:233-241.","Rio Blanco, Mendoza, Argentina"
24,Web of life,M_PL_024,Pollination,"Mosquin, T., and J. E. H. Martin. 1967. Observations on the pollination biology of plants on Melville Island, N.W.T., Canada. Canadian Field Naturalist 81:201-205.","Melville Island, Canada"
25,Web of life,M_PL_025,Pollination,"Motten, A. F. 1982. Pollination Ecology of the Spring Wildflower Community in the Deciduous Forests of Piedmont North Carolina. Doctoral Dissertation thesis, Duke University, Duhram, North Carolina, USA; Motten, A. F. 1986. Pollination ecology of the spring wildflower community of a temperate deciduous forest. Ecological Monographs 56:21-42.","North Carolina, USA"
26,Web of life,M_PL_026,Pollination,"McMullen, C. K. 1993. Flower-visiting insects of the Galapagos Islands. Pan-Pacific Entomologist 69:95-106",Galapagos
27,Web of life,M_PL_027,Pollination,"Primack, R.B. (1983). Insect pollination in the New Zealand mountain flora. New Zealand J. Bot. 21, 317-333. AP.","Arthur's Pass, New Zealand"
28,Web of life,M_PL_028,Pollination,"Primack, R.B. (1983). Insect pollination in the New Zealand mountain flora. New Zealand J. Bot. 21, 317-333. Cass.","Cass, New Zealand"
29,Web of life,M_PL_029,Pollination,"Primack, R.B. (1983). Insect pollination in the New Zealand mountain flora. New Zealand J. Bot. 21, 317-333. Craigieb.","Craigieburn, New Zealand"
30,Web of life,M_PL_030,Pollination,"Ramirez, N., and Y. Brito. 1992. Pollination Biology in a Palm Swamp Community in the Venezuelan Central Plains. Botanical Journal of the Linnean Society 110:277-302.","Guarico State, Venezuela"
31,Web of life,M_PL_031,Pollination,"Ramirez, N. (1989). Biología de polinización en una comunidad arbustiva tropical de la alta Guyana Venezolana. Biotropica 21, 319-330.","Canaima Nat. Park, Venezuela"
32,Web of life,M_PL_032,Pollination,"Schemske, D. W., M. F. Willson, M. N. Melampy, L. J. Miller, L. Verner, K. M. Schemske, and L. B. Best. 1978. Flowering Ecology of Some Spring Woodland Herbs. Ecology 59:351-366.","Brownfield, Illinois, USA"
33,Web of life,M_PL_033,Pollination,"Small, E. 1976. Insect pollinators of the Mer Bleue peat bog of Ottawa. Canadian Field Naturalist 90:22-28.","Ottawa, Canada"
34,Web of life,M_PL_034,Pollination,"Smith-Ramírez C., P. Martinez, M. Nuñez, C. González and J. J. Armesto (2005) Diversity, flower visitation frequency and generalism of pollinators in temperate rain forests of Chiloé Island,Chile. Botanical Journal of the Linnean Society, 2005, 147, 399–416.","Chiloe, Chile"
35,Web of life,M_PL_035,Pollination,"Percival, M. (1974). Floral Ecology of Coastal Scrub in Southeast Jamaica. Biotropica, 6, 104-129.","Morant Point, Jamaica"
36,Web of life,M_PL_036,Pollination,Olesen unpubl.,"Flores, Açores"
37,Web of life,M_PL_037,Pollination,"Montero AC (2005).The Ecology of Three Pollination Networks. MSc thesis (Univ of Aarhus, Aarhus, Denmark).","Hestehaven, Denmark"
38,Web of life,M_PL_038,Pollination,"Montero AC (2005).The Ecology of Three Pollination Networks. MSc thesis (Univ of Aarhus, Aarhus, Denmark).","Hestehaven, Denmark"
39,Web of life,M_PL_040,Pollination,"Ingversen TT (2006). Plant–pollinator interactions on Jamaica and Dominica: The centrality, asymmetry and modularity of networks. Msc thesis (Univ of Aarhus, Aarhus, Denmark).","Windsor, The Cockpit Country, Jamaica"
40,Web of life,M_PL_041,Pollination,"Ingversen TT (2006) MSc thesis (Univ of Aarhus, Aarhus, Denmark). (MSc, 2006, Tanja Toftemark Ingversen, Plant–pollinator interactions on Jamaica and Dominica: The centrality, asymmetry and modularity of networks)","Syndicate, Dominica"
41,Web of life,M_PL_042,Pollination,"Philipp M, Böcher J, Siegismund HR, Nielsen LR (2006) Ecography 29:531-540. (Philipp, M., Böcher, J., Siegismund, H. R. and Nielsen, L. R. 2006. Structure of a plant-pollinator network on a pahoehoe lava desert of the Galápagos Islands. – Ecography 29: 531– 40.)","Puerto Villamil, Isabela Island, Galapagos"
42,Web of life,M_PL_043,Pollination,"Montero AC (2005).The Ecology of Three Pollination Networks. MSc thesis (Univ of Aarhus, Aarhus, Denmark).","Hestehaven, Denmark"
43,Web of life,M_PL_044,Pollination,"Kato M (2000).Anthophilous insect community and plant-pollinator interactions on Amami Islands in the Ryukyu Archipelago, Japan. Contr Biol Lab Kyoto Univ 29:157-252.","Amami-Ohsima Island, Japan"
44,Web of life,M_PL_045,Pollination,"Lundgren R, Olesen JM (2005). The Dense and Highly Connected World of Greenland's Plants and Their Pollinators. Arc Antarc Alp Res 37:514-520.","Uummannaq Island, Greenland"
45,Web of life,M_PL_046,Pollination,"Bundgaard, M. (2003). Tidslig og rumlig variation i et plante-bestøvernetværk. Msc thesis. University of Aarhus. Aarhus, Denmark.",Denmark
46,Web of life,M_PL_047,Pollination,"Dupont & Olesen(2009). J. Animal Ecology, 78:346-353.",Isenbjerg
47,Web of life,M_PL_048,Pollination,"Dupont & Olesen(2009). J. Animal Ecology, 78:346-353.",Denmark
48,Web of life,M_PL_049,Pollination,"Bek S (2006). A pollination network from a Danish forest meadow. MSc thesis (Univ of Aarhus, Aarhus, Denmark).",Denmark
49,Web of life,M_PL_050,Pollination,"Stald, L., Valido, A. & Olesen, J. M. 2003. Struktur og dynamik i rum og tid at et bestøvningsnetværk på Tenerife, De Kanariske Øer. MSc-thesis, Univ. of Aarhus, Denmark.","Tenerife, Canary Islands"
50,Web of life,M_PL_051,Pollination,"Vázquez DP. 2002. Interactions among Introduced Ungulates, Plants, and Pollinators: A Field Study in the Temperate Forest of the Southern Andes. Ph.D. Dissertation. Department of Ecology and Evolutionary Biology, University of Tennessee, Knoxville.","Nahuel Huapi National Park, Argentina"
51,Web of life,M_PL_052,Pollination,"Witt P (1998) BSc thesis. Univ of Aarhus, Aarhus, Denmark.","Tundra, Greenladn"
52,Web of life,M_PL_053,Pollination,"Yamazaki, K. & Kato, M. 2003. Flowering phenology and anthophilous insect community in a grassland ecosystem at Mt. Yufu, Western Japan. Contributions from the Biological Laboratory, Kyoto University 29: 255-318.","Mt. Yufu, Japan"
53,Web of life,M_PL_054,Pollination,"Kakutani, T., T. Inoue, M. Kato and H. Ichihashi (1990) Insect-flower relationship in the campus of Kyoto University, Kyoto: An overview of the flowering phenology and the seasonal pattern of insect visits. Contribution from the Biological Laboratory, Kyoto University, 27: 465-521.","Kyoto City, Japan"
54,Web of life,M_PL_055,Pollination,"Kato & Miura (1996). Flowering phenology and anthophilous insect community at a threatened natural lowland marsh at Nakaikemi in Tsuruga, Japan. Kyoto University, Vol. 29: 1-48","Nakaikemi marsh, Fukui Prefecture, Japan"
55,Web of life,M_PL_056,Pollination,"Kato et al. 1993. Flowering Phenology and Anthophilous Insect Community in the Cool-Temperate Subalpine Forests and Meadows at Mt. Kushigata in the Central Part of Japan. Contributions from the Biological Laboratory, Kyoto University 28: 119-172","Mt. Kushigata, Yamanashi Pref., Japan"
56,Web of life,M_PL_057,Pollination,"Inoue et al 1990. Insect-flower Relationship in the Temperate Deciduous Forest of Kibune, Kyoto : An Overview of the Flowering Phenology and the Seasonal Pattern of Insect Visits.","Kibune, Kyoto, Japan"
57,Web of life,M_PL_039,Pollination,"Stald L (2003). Struktur og dynamik i rum og tid af et bestøvningsnetværk på Tenerife, De Kanariske Øer. Msc thesis (Univ of Aarhus, Aarhus, Denmark).","Tenerife, Canary Islands"
58,Web of life,M_PL_058,Pollination,"Bartomeus, I., Vilà, M. & Santamaria, L., 2008. Contrasting effects of invasive plants in plant-pollinator networks. Oecologia 155: 761-770.",Parc Natural del Cap de Creus
59,Web of life,M_PL_059,Pollination,"Bezerra ELS, Machado ICS, Mello MAR. 2009. Pollination networks of oil-flowers: a tiny world within the smallest of all worlds. Journal of Animal Ecology 78:1096–1101.",Parque Nacional do Catimbau
60,Web of life,M_PL_060_01,Pollination,"Kaiser-Bunbury, C. N., S. Muff, J. Memmott, C. B. Müller, and A. Caflisch. 2010. The robustness of pollination networks to the loss of species and interactions: A quantitative approach incorporating pollinator behaviour. Ecology Letters 13:442-452.","Black River Gorges National Park, Mauritius"
61,Web of life,M_PL_060_02,Pollination,"Kaiser-Bunbury, C. N., S. Muff, J. Memmott, C. B. Müller, and A. Caflisch. 2010. The robustness of pollination networks to the loss of species and interactions: A quantitative approach incorporating pollinator behaviour. Ecology Letters 13:442-452.","Black River Gorges National Park, Mauritius"
62,Web of life,M_PL_060_03,Pollination,"Kaiser-Bunbury, C. N., S. Muff, J. Memmott, C. B. Müller, and A. Caflisch. 2010. The robustness of pollination networks to the loss of species and interactions: A quantitative approach incorporating pollinator behaviour. Ecology Letters 13:442-452.","Black River Gorges National Park, Mauritius"
63,Web of life,M_PL_060_04,Pollination,"Kaiser-Bunbury, C. N., S. Muff, J. Memmott, C. B. Müller, and A. Caflisch. 2010. The robustness of pollination networks to the loss of species and interactions: A quantitative approach incorporating pollinator behaviour. Ecology Letters 13:442-452.","Black River Gorges National Park, Mauritius"
64,Web of life,M_PL_060_05,Pollination,"Kaiser-Bunbury, C. N., S. Muff, J. Memmott, C. B. Müller, and A. Caflisch. 2010. The robustness of pollination networks to the loss of species and interactions: A quantitative approach incorporating pollinator behaviour. Ecology Letters 13:442-452.","Black River Gorges National Park, Mauritius"
65,Web of life,M_PL_060_06,Pollination,"Kaiser-Bunbury, C. N., S. Muff, J. Memmott, C. B. Müller, and A. Caflisch. 2010. The robustness of pollination networks to the loss of species and interactions: A quantitative approach incorporating pollinator behaviour. Ecology Letters 13:442-452.","Black River Gorges National Park, Mauritius"
66,Web of life,M_PL_060_07,Pollination,"Kaiser-Bunbury, C. N., S. Muff, J. Memmott, C. B. Müller, and A. Caflisch. 2010. The robustness of pollination networks to the loss of species and interactions: A quantitative approach incorporating pollinator behaviour. Ecology Letters 13:442-452.","Black River Gorges National Park, Mauritius"
67,Web of life,M_PL_060_08,Pollination,"Kaiser-Bunbury, C. N., S. Muff, J. Memmott, C. B. Müller, and A. Caflisch. 2010. The robustness of pollination networks to the loss of species and interactions: A quantitative approach incorporating pollinator behaviour. Ecology Letters 13:442-452.","Black River Gorges National Park, Mauritius"
68,Web of life,M_PL_060_09,Pollination,"Kaiser-Bunbury, C. N., S. Muff, J. Memmott, C. B. Müller, and A. Caflisch. 2010. The robustness of pollination networks to the loss of species and interactions: A quantitative approach incorporating pollinator behaviour. Ecology Letters 13:442-452.","Black River Gorges National Park, Mauritius"
69,Web of life,M_PL_060_10,Pollination,"Kaiser-Bunbury, C. N., S. Muff, J. Memmott, C. B. Müller, and A. Caflisch. 2010. The robustness of pollination networks to the loss of species and interactions: A quantitative approach incorporating pollinator behaviour. Ecology Letters 13:442-452.","Black River Gorges National Park, Mauritius"
70,Web of life,M_PL_060_11,Pollination,"Kaiser-Bunbury, C. N., S. Muff, J. Memmott, C. B. Müller, and A. Caflisch. 2010. The robustness of pollination networks to the loss of species and interactions: A quantitative approach incorporating pollinator behaviour. Ecology Letters 13:442-452.","Black River Gorges National Park, Mauritius"
71,Web of life,M_PL_060_12,Pollination,"Kaiser-Bunbury, C. N., S. Muff, J. Memmott, C. B. Müller, and A. Caflisch. 2010. The robustness of pollination networks to the loss of species and interactions: A quantitative approach incorporating pollinator behaviour. Ecology Letters 13:442-452.","Black River Gorges National Park, Mauritius"
72,Web of life,M_PL_060_13,Pollination,"Kaiser-Bunbury, C. N., S. Muff, J. Memmott, C. B. Müller, and A. Caflisch. 2010. The robustness of pollination networks to the loss of species and interactions: A quantitative approach incorporating pollinator behaviour. Ecology Letters 13:442-452.","Black River Gorges National Park, Mauritius"
73,Web of life,M_PL_060_14,Pollination,"Kaiser-Bunbury, C. N., S. Muff, J. Memmott, C. B. Müller, and A. Caflisch. 2010. The robustness of pollination networks to the loss of species and interactions: A quantitative approach incorporating pollinator behaviour. Ecology Letters 13:442-452.","Black River Gorges National Park, Mauritius"
74,Web of life,M_PL_060_15,Pollination,"Kaiser-Bunbury, C. N., S. Muff, J. Memmott, C. B. Müller, and A. Caflisch. 2010. The robustness of pollination networks to the loss of species and interactions: A quantitative approach incorporating pollinator behaviour. Ecology Letters 13:442-452.","Black River Gorges National Park, Mauritius"
75,Web of life,M_PL_060_16,Pollination,"Kaiser-Bunbury, C. N., S. Muff, J. Memmott, C. B. Müller, and A. Caflisch. 2010. The robustness of pollination networks to the loss of species and interactions: A quantitative approach incorporating pollinator behaviour. Ecology Letters 13:442-452.","Black River Gorges National Park, Mauritius"
76,Web of life,M_PL_060_17,Pollination,"Kaiser-Bunbury, C. N., S. Muff, J. Memmott, C. B. Müller, and A. Caflisch. 2010. The robustness of pollination networks to the loss of species and interactions: A quantitative approach incorporating pollinator behaviour. Ecology Letters 13:442-452.","Black River Gorges National Park, Mauritius"
77,Web of life,M_PL_060_18,Pollination,"Kaiser-Bunbury, C. N., S. Muff, J. Memmott, C. B. Müller, and A. Caflisch. 2010. The robustness of pollination networks to the loss of species and interactions: A quantitative approach incorporating pollinator behaviour. Ecology Letters 13:442-452.","Black River Gorges National Park, Mauritius"
78,Web of life,M_PL_060_19,Pollination,"Kaiser-Bunbury, C. N., S. Muff, J. Memmott, C. B. Müller, and A. Caflisch. 2010. The robustness of pollination networks to the loss of species and interactions: A quantitative approach incorporating pollinator behaviour. Ecology Letters 13:442-452.","Black River Gorges National Park, Mauritius"
79,Web of life,M_PL_060_20,Pollination,"Kaiser-Bunbury, C. N., S. Muff, J. Memmott, C. B. Müller, and A. Caflisch. 2010. The robustness of pollination networks to the loss of species and interactions: A quantitative approach incorporating pollinator behaviour. Ecology Letters 13:442-452.","Black River Gorges National Park, Mauritius"
80,Web of life,M_PL_060_21,Pollination,"Kaiser-Bunbury, C. N., S. Muff, J. Memmott, C. B. Müller, and A. Caflisch. 2010. The robustness of pollination networks to the loss of species and interactions: A quantitative approach incorporating pollinator behaviour. Ecology Letters 13:442-452.","Black River Gorges National Park, Mauritius"
81,Web of life,M_PL_060_22,Pollination,"Kaiser-Bunbury, C. N., S. Muff, J. Memmott, C. B. Müller, and A. Caflisch. 2010. The robustness of pollination networks to the loss of species and interactions: A quantitative approach incorporating pollinator behaviour. Ecology Letters 13:442-452.","Black River Gorges National Park, Mauritius"
82,Web of life,M_PL_060_23,Pollination,"Kaiser-Bunbury, C. N., S. Muff, J. Memmott, C. B. Müller, and A. Caflisch. 2010. The robustness of pollination networks to the loss of species and interactions: A quantitative approach incorporating pollinator behaviour. Ecology Letters 13:442-452.","Black River Gorges National Park, Mauritius"
83,Web of life,M_PL_060_24,Pollination,"Kaiser-Bunbury, C. N., S. Muff, J. Memmott, C. B. Müller, and A. Caflisch. 2010. The robustness of pollination networks to the loss of species and interactions: A quantitative approach incorporating pollinator behaviour. Ecology Letters 13:442-452.","Black River Gorges National Park, Mauritius"
84,Web of life,M_PL_061_01,Pollination,"Kaiser-Bunbury CN, Vázquez DP, Stang M, Ghazoul J. 2014. Determinants of the microstructure of plant-pollinator networks. Ecology, 95: 3314-3324.","Morne Seychellois National Park, Mahé"
85,Web of life,M_PL_061_02,Pollination,"Kaiser-Bunbury CN, Vázquez DP, Stang M, Ghazoul J. 2014. Determinants of the microstructure of plant-pollinator networks. Ecology, 95: 3314-3324.","Morne Seychellois National Park, Mahé"
86,Web of life,M_PL_061_03,Pollination,"Kaiser-Bunbury CN, Vázquez DP, Stang M, Ghazoul J. 2014. Determinants of the microstructure of plant-pollinator networks. Ecology, 95: 3314-3324.","Morne Seychellois National Park, Mahé"
87,Web of life,M_PL_061_04,Pollination,"Kaiser-Bunbury CN, Vázquez DP, Stang M, Ghazoul J. 2014. Determinants of the microstructure of plant-pollinator networks. Ecology, 95: 3314-3324.","Morne Seychellois National Park, Mahé"
88,Web of life,M_PL_061_05,Pollination,"Kaiser-Bunbury CN, Vázquez DP, Stang M, Ghazoul J. 2014. Determinants of the microstructure of plant-pollinator networks. Ecology, 95: 3314-3324.","Morne Seychellois National Park, Mahé"
89,Web of life,M_PL_061_06,Pollination,"Kaiser-Bunbury CN, Vázquez DP, Stang M, Ghazoul J. 2014. Determinants of the microstructure of plant-pollinator networks. Ecology, 95: 3314-3324.","Morne Seychellois National Park, Mahé"
90,Web of life,M_PL_061_07,Pollination,"Kaiser-Bunbury CN, Vázquez DP, Stang M, Ghazoul J. 2014. Determinants of the microstructure of plant-pollinator networks. Ecology, 95: 3314-3324.","Morne Seychellois National Park, Mahé"
91,Web of life,M_PL_061_08,Pollination,"Kaiser-Bunbury CN, Vázquez DP, Stang M, Ghazoul J. 2014. Determinants of the microstructure of plant-pollinator networks. Ecology, 95: 3314-3324.","Morne Seychellois National Park, Mahé"
92,Web of life,M_PL_061_09,Pollination,"Kaiser-Bunbury CN, Vázquez DP, Stang M, Ghazoul J. 2014. Determinants of the microstructure of plant-pollinator networks. Ecology, 95: 3314-3324.","Morne Seychellois National Park, Mahé"
93,Web of life,M_PL_061_10,Pollination,"Kaiser-Bunbury CN, Vázquez DP, Stang M, Ghazoul J. 2014. Determinants of the microstructure of plant-pollinator networks. Ecology, 95: 3314-3324.","Morne Seychellois National Park, Mahé"
94,Web of life,M_PL_061_11,Pollination,"Kaiser-Bunbury CN, Vázquez DP, Stang M, Ghazoul J. 2014. Determinants of the microstructure of plant-pollinator networks. Ecology, 95: 3314-3324.","Morne Seychellois National Park, Mahé"
95,Web of life,M_PL_061_12,Pollination,"Kaiser-Bunbury CN, Vázquez DP, Stang M, Ghazoul J. 2014. Determinants of the microstructure of plant-pollinator networks. Ecology, 95: 3314-3324.","Morne Seychellois National Park, Mahé"
96,Web of life,M_PL_061_13,Pollination,"Kaiser-Bunbury CN, Vázquez DP, Stang M, Ghazoul J. 2014. Determinants of the microstructure of plant-pollinator networks. Ecology, 95: 3314-3324.","Morne Seychellois National Park, Mahé"
97,Web of life,M_PL_061_14,Pollination,"Kaiser-Bunbury CN, Vázquez DP, Stang M, Ghazoul J. 2014. Determinants of the microstructure of plant-pollinator networks. Ecology, 95: 3314-3324.","Morne Seychellois National Park, Mahé"
98,Web of life,M_PL_061_15,Pollination,"Kaiser-Bunbury CN, Vázquez DP, Stang M, Ghazoul J. 2014. Determinants of the microstructure of plant-pollinator networks. Ecology, 95: 3314-3324.","Morne Seychellois National Park, Mahé"
99,Web of life,M_PL_061_16,Pollination,"Kaiser-Bunbury CN, Vázquez DP, Stang M, Ghazoul J. 2014. Determinants of the microstructure of plant-pollinator networks. Ecology, 95: 3314-3324.","Morne Seychellois National Park, Mahé"
100,Web of life,M_PL_061_17,Pollination,"Kaiser-Bunbury CN, Vázquez DP, Stang M, Ghazoul J. 2014. Determinants of the microstructure of plant-pollinator networks. Ecology, 95: 3314-3324.","Morne Seychellois National Park, Mahé"
101,Web of life,M_PL_061_18,Pollination,"Kaiser-Bunbury CN, Vázquez DP, Stang M, Ghazoul J. 2014. Determinants of the microstructure of plant-pollinator networks. Ecology, 95: 3314-3324.","Morne Seychellois National Park, Mahé"
102,Web of life,M_PL_061_19,Pollination,"Kaiser-Bunbury CN, Vázquez DP, Stang M, Ghazoul J. 2014. Determinants of the microstructure of plant-pollinator networks. Ecology, 95: 3314-3324.","Morne Seychellois National Park, Mahé"
103,Web of life,M_PL_061_20,Pollination,"Kaiser-Bunbury CN, Vázquez DP, Stang M, Ghazoul J. 2014. Determinants of the microstructure of plant-pollinator networks. Ecology, 95: 3314-3324.","Morne Seychellois National Park, Mahé"
104,Web of life,M_PL_061_21,Pollination,"Kaiser-Bunbury CN, Vázquez DP, Stang M, Ghazoul J. 2014. Determinants of the microstructure of plant-pollinator networks. Ecology, 95: 3314-3324.","Morne Seychellois National Park, Mahé"
105,Web of life,M_PL_061_22,Pollination,"Kaiser-Bunbury CN, Vázquez DP, Stang M, Ghazoul J. 2014. Determinants of the microstructure of plant-pollinator networks. Ecology, 95: 3314-3324.","Morne Seychellois National Park, Mahé"
106,Web of life,M_PL_061_23,Pollination,"Kaiser-Bunbury CN, Vázquez DP, Stang M, Ghazoul J. 2014. Determinants of the microstructure of plant-pollinator networks. Ecology, 95: 3314-3324.","Morne Seychellois National Park, Mahé"
107,Web of life,M_PL_061_24,Pollination,"Kaiser-Bunbury CN, Vázquez DP, Stang M, Ghazoul J. 2014. Determinants of the microstructure of plant-pollinator networks. Ecology, 95: 3314-3324.","Morne Seychellois National Park, Mahé"
108,Web of life,M_PL_061_25,Pollination,"Kaiser-Bunbury CN, Vázquez DP, Stang M, Ghazoul J. 2014. Determinants of the microstructure of plant-pollinator networks. Ecology, 95: 3314-3324.","Morne Seychellois National Park, Mahé"
109,Web of life,M_PL_061_26,Pollination,"Kaiser-Bunbury CN, Vázquez DP, Stang M, Ghazoul J. 2014. Determinants of the microstructure of plant-pollinator networks. Ecology, 95: 3314-3324.","Morne Seychellois National Park, Mahé"
110,Web of life,M_PL_061_27,Pollination,"Kaiser-Bunbury CN, Vázquez DP, Stang M, Ghazoul J. 2014. Determinants of the microstructure of plant-pollinator networks. Ecology, 95: 3314-3324.","Morne Seychellois National Park, Mahé"
111,Web of life,M_PL_061_28,Pollination,"Kaiser-Bunbury CN, Vázquez DP, Stang M, Ghazoul J. 2014. Determinants of the microstructure of plant-pollinator networks. Ecology, 95: 3314-3324.","Morne Seychellois National Park, Mahé"
112,Web of life,M_PL_061_29,Pollination,"Kaiser-Bunbury CN, Vázquez DP, Stang M, Ghazoul J. 2014. Determinants of the microstructure of plant-pollinator networks. Ecology, 95: 3314-3324.","Morne Seychellois National Park, Mahé"
113,Web of life,M_PL_061_30,Pollination,"Kaiser-Bunbury CN, Vázquez DP, Stang M, Ghazoul J. 2014. Determinants of the microstructure of plant-pollinator networks. Ecology, 95: 3314-3324.","Morne Seychellois National Park, Mahé"
114,Web of life,M_PL_061_31,Pollination,"Kaiser-Bunbury CN, Vázquez DP, Stang M, Ghazoul J. 2014. Determinants of the microstructure of plant-pollinator networks. Ecology, 95: 3314-3324.","Morne Seychellois National Park, Mahé"
115,Web of life,M_PL_061_32,Pollination,"Kaiser-Bunbury CN, Vázquez DP, Stang M, Ghazoul J. 2014. Determinants of the microstructure of plant-pollinator networks. Ecology, 95: 3314-3324.","Morne Seychellois National Park, Mahé"
116,Web of life,M_PL_061_33,Pollination,"Kaiser-Bunbury CN, Vázquez DP, Stang M, Ghazoul J. 2014. Determinants of the microstructure of plant-pollinator networks. Ecology, 95: 3314-3324.","Morne Seychellois National Park, Mahé"
117,Web of life,M_PL_061_34,Pollination,"Kaiser-Bunbury CN, Vázquez DP, Stang M, Ghazoul J. 2014. Determinants of the microstructure of plant-pollinator networks. Ecology, 95: 3314-3324.","Morne Seychellois National Park, Mahé"
118,Web of life,M_PL_061_35,Pollination,"Kaiser-Bunbury CN, Vázquez DP, Stang M, Ghazoul J. 2014. Determinants of the microstructure of plant-pollinator networks. Ecology, 95: 3314-3324.","Morne Seychellois National Park, Mahé"
119,Web of life,M_PL_061_36,Pollination,"Kaiser-Bunbury CN, Vázquez DP, Stang M, Ghazoul J. 2014. Determinants of the microstructure of plant-pollinator networks. Ecology, 95: 3314-3324.","Morne Seychellois National Park, Mahé"
120,Web of life,M_PL_061_37,Pollination,"Kaiser-Bunbury CN, Vázquez DP, Stang M, Ghazoul J. 2014. Determinants of the microstructure of plant-pollinator networks. Ecology, 95: 3314-3324.","Morne Seychellois National Park, Mahé"
121,Web of life,M_PL_061_38,Pollination,"Kaiser-Bunbury CN, Vázquez DP, Stang M, Ghazoul J. 2014. Determinants of the microstructure of plant-pollinator networks. Ecology, 95: 3314-3324.","Morne Seychellois National Park, Mahé"
122,Web of life,M_PL_061_39,Pollination,"Kaiser-Bunbury CN, Vázquez DP, Stang M, Ghazoul J. 2014. Determinants of the microstructure of plant-pollinator networks. Ecology, 95: 3314-3324.","Morne Seychellois National Park, Mahé"
123,Web of life,M_PL_061_40,Pollination,"Kaiser-Bunbury CN, Vázquez DP, Stang M, Ghazoul J. 2014. Determinants of the microstructure of plant-pollinator networks. Ecology, 95: 3314-3324.","Morne Seychellois National Park, Mahé"
124,Web of life,M_PL_061_41,Pollination,"Kaiser-Bunbury CN, Vázquez DP, Stang M, Ghazoul J. 2014. Determinants of the microstructure of plant-pollinator networks. Ecology, 95: 3314-3324.","Morne Seychellois National Park, Mahé"
125,Web of life,M_PL_061_42,Pollination,"Kaiser-Bunbury CN, Vázquez DP, Stang M, Ghazoul J. 2014. Determinants of the microstructure of plant-pollinator networks. Ecology, 95: 3314-3324.","Morne Seychellois National Park, Mahé"
126,Web of life,M_PL_061_43,Pollination,"Kaiser-Bunbury CN, Vázquez DP, Stang M, Ghazoul J. 2014. Determinants of the microstructure of plant-pollinator networks. Ecology, 95: 3314-3324.","Morne Seychellois National Park, Mahé"
127,Web of life,M_PL_061_44,Pollination,"Kaiser-Bunbury CN, Vázquez DP, Stang M, Ghazoul J. 2014. Determinants of the microstructure of plant-pollinator networks. Ecology, 95: 3314-3324.","Morne Seychellois National Park, Mahé"
128,Web of life,M_PL_061_45,Pollination,"Kaiser-Bunbury CN, Vázquez DP, Stang M, Ghazoul J. 2014. Determinants of the microstructure of plant-pollinator networks. Ecology, 95: 3314-3324.","Morne Seychellois National Park, Mahé"
129,Web of life,M_PL_061_46,Pollination,"Kaiser-Bunbury CN, Vázquez DP, Stang M, Ghazoul J. 2014. Determinants of the microstructure of plant-pollinator networks. Ecology, 95: 3314-3324.","Morne Seychellois National Park, Mahé"
130,Web of life,M_PL_061_47,Pollination,"Kaiser-Bunbury CN, Vázquez DP, Stang M, Ghazoul J. 2014. Determinants of the microstructure of plant-pollinator networks. Ecology, 95: 3314-3324.","Morne Seychellois National Park, Mahé"
131,Web of life,M_PL_061_48,Pollination,"Kaiser-Bunbury CN, Vázquez DP, Stang M, Ghazoul J. 2014. Determinants of the microstructure of plant-pollinator networks. Ecology, 95: 3314-3324.","Morne Seychellois National Park, Mahé"
132,Web of life,M_PL_062,Pollination,"Robertson, C. 1929. Flowers and insects: lists of visitors to four hundred and fifty-three flowers. Carlinville, IL, USA, C. Robertson.","Carlinville, Illinois, USA"
133,Web of life,M_PL_063,Pollination,"Vizentin-Bugoni, J., P. K. Maruyama, V. J. Debastiani, L. S. Duarte, B. Dalsgaard & M. Sazima (2016). Influences of sampling effort on detected patterns and structuring processes of a Neotropical plant-hummingbird network. Journal of Animal Ecology 85: 262-272.","Santa Virginia Field Station, Serra do Mar State Park"
134,Web of life,M_SD_001,Seed Dispersal,"Baird, J.W. 1980. The selection and use of fruit by birds in an eastern forest. Wilson Bulletin 92: 63-73.","Princeton, Mercer, New Jersey, USA"
135,Web of life,M_SD_002,Seed Dispersal,"Beehler, B. 1983. Frugivory and polygamy in birds of paradise. Auk, 100: 1-12.","Mount Missim, Morobe Prov., New Guinea"
136,Web of life,M_SD_003,Seed Dispersal,Carlo et al. (2003) Avian fruit preferences across a Puerto Rican forested landscape: pattern consistency and implications for seed removal. Oecologia 134: 119-131,"Caguana, Puerto Rico"
137,Web of life,M_SD_004,Seed Dispersal,Carlo et al. (2003) Avian fruit preferences across a Puerto Rican forested landscape: pattern consistency and implications for seed removal. Oecologia 134: 119-131,"Cialitos, Puerto Rico"
138,Web of life,M_SD_005,Seed Dispersal,Carlo et al. (2003) Avian fruit preferences across a Puerto Rican forested landscape: pattern consistency and implications for seed removal. Oecologia 134: 119-131,"Cordillera, Puerto Rico"
139,Web of life,M_SD_006,Seed Dispersal,Carlo et al. (2003) Avian fruit preferences across a Puerto Rican forested landscape: pattern consistency and implications for seed removal. Oecologia 134: 119-131,"Fronton, Puerto Rico"
140,Web of life,M_SD_007,Seed Dispersal,"Crome, F.H.J. 1975. The ecology of fruit pigeons in tropical Northern Queensland. Australian Journal of Wildlife Research, 2: 155-185.","Tropical rainforest. Queensland, Australia."
141,Web of life,M_SD_008,Seed Dispersal,"Frost, P.G.H. 1980. Fruit-frugivore interactions in a South African coastal dune forest. Pages 1179-1184 in: R. Noring (ed.). Acta XVII Congresus Internationalis Ornithologici, Deutsches Ornithologische Gessenshaft, Berlin.","Mtunzini, South Africa"
142,Web of life,M_SD_009,Seed Dispersal,"Galetti, M., Pizo, M.A. 1996. Fruit eating birds in a forest fragment in southeastern Brazil. Ararajuba, Revista Brasileira de Ornitologia, 4: 71-79.",Santa Genebra Reserve T1. SE Brazil
143,Web of life,M_SD_010,Seed Dispersal,"Snow, B.K., Snow, D.W. 1971. The feeding ecology of tanagers and honeycreepers in Trinidad. Auk, 88: 291-322.",Tropical rainforest. Trinidad.
144,Web of life,M_SD_011,Seed Dispersal,"Snow B.K. & Snow D.W. (1988) Birds and berries, Calton, England.","Calton, Great Britain"
145,Web of life,M_SD_012,Seed Dispersal,"Galetti, M., Pizo, M.A. 1996. Fruit eating birds in a forest fragment in southeastern Brazil. Ararajuba, Revista Brasileira de Ornitologia, 4: 71-79.",Santa Genebra Reserve T2. SE Brazil
146,Web of life,M_SD_013,Seed Dispersal,"Hammann, A. & Curio, B. (1999) Interactions among frugivores and fleshy fruit trees in a Philippine submontane rainforest.","North Negros Forest Reserve, Central Philippi"
147,Web of life,M_SD_014,Seed Dispersal,"Jordano P. (1985) El ciclo anual de los paseriformes frugívoros en el matorral mediterráneo del sur de España: importancia de su invernada y variaciones interanuales. Ardeola, 32, 69-94.","Hato Ratón, Sevilla. Spain"
148,Web of life,M_SD_015,Seed Dispersal,"Kantak, G.E. 1979. Observations on some fruit-eating birds in Mexico. Auk, 96: 183-186.","Campeche state, Mexico"
149,Web of life,M_SD_016,Seed Dispersal,"Lambert F. (1989). Fig-eating by birds in a Malaysian lowland rain forest. J. Trop. Ecol., 5, 401-412.","Kuala Lompat, Krau Game Reserve."
150,Web of life,M_SD_017,Seed Dispersal,"Tutin, C.E.G., Ham, R.M., White, L.J.T., Harrison, M.J.S. 1997. The primate community of the Lopé Reserve, Gabon: diets, responses to fruit scarcity, and effects on biomass. American Journal of Primatology, 42: 1-24.","Gabon, Africa"
151,Web of life,M_SD_018,Seed Dispersal,"Mack, AL and Wright, DD. (1996) Notes on occurrence and feeding of birds at Crater Mountain Biological Research Station, Papua New Guinea. Emu 96: 89-101. ","Crater Mountain Biological Research Station, "
152,Web of life,M_SD_019,Seed Dispersal,"Wheelwright, N.T., Haber, W.A., Murray, K.G., Guindon, C. 1984. Tropical fruit-eating birds and their food plants: a survey of a Costa Rican lower montane forest. Biotropica, 16: 173-192.","Monteverde, Costa Rica "
153,Web of life,M_SD_020,Seed Dispersal,"P. Jordano, unpubl.","Nava Correhuelas. S. Cazorla, SE Spain."
154,Web of life,M_SD_021,Seed Dispersal,"P. Jordano, unpubl.","Nava Noguera, Sierra de Cazorla, SE Spain"
155,Web of life,M_SD_022,Seed Dispersal,"Silva, W.R., P. De Marco, E. Hasui, and V.S.M. Gomes (2002) Patterns of fruit-frugivores interactions in two Atlantic Forest bird communities of South-eastern Brazil: implications for conservation. Pp. 423-435. In: D.J. Levey, W.R. Silva and M. Galetti (eds.) Seed dispersal and frugivory: ecology, evolution and conservation. Wallinford: CAB International.","Intervales and Saibadela, São Paulo, Brazil"
156,Web of life,M_SD_023,Seed Dispersal,"Noma, N. 1997. Annual fluctuations of sapfruits production and synchronization within and inter species in a warm temperate forest on Yakushima Island, Japan. Tropics, 6: 441-449.","Yakushima Island, Japan"
157,Web of life,M_SD_024,Seed Dispersal,"Guitián, J. (1983). Relaciones entre los frutos y los passeriformes en un bosque montano de la cordillera cantábrica occidental. PhD Thesis, Univ. Santiago, Spain.",NW Spain temperte forest
158,Web of life,M_SD_025,Seed Dispersal,Sorensen 1981,england
159,Web of life,M_SD_026,Seed Dispersal,"Data unpublished, however see Jordano 1993","Campos de Otero, Sierra Nevada"
160,Web of life,M_SD_027,Seed Dispersal,"Data unpublished, however see Jordano 1993","Cañada de las Sabinas, Nava de las Correhuelas, Sierra de Cazorla"
161,Web of life,M_SD_028,Seed Dispersal,"Data unpublished, however see Jordano 1993","Cañada Travina, Sierra de Cazorla"
162,Web of life,M_SD_029,Seed Dispersal,"Data unpublished, however see Jordano 1993","Sabinar del Marqués, Reserva de la Estación Biológica de Doñana"
163,Web of life,M_SD_030,Seed Dispersal,"Data unpublished, however see Jordano 1993","Santa Bárbara, Sierra de Baza"
164,Web of life,A_HP_001,Host-Parasite,"Hadfield JD, Krasnov BR, Poulin R, Shinichi N (2013) A tale of two phylogenies: comparative analyses of ecological interactions. The American Naturalist 183(2): 174-187",Adzharia
165,Web of life,A_HP_002,Host-Parasite,"Hadfield JD, Krasnov BR, Poulin R, Shinichi N (2013) A tale of two phylogenies: comparative analyses of ecological interactions. The American Naturalist 183(2): 174-187",Akmolinsk
166,Web of life,A_HP_003,Host-Parasite,"Hadfield JD, Krasnov BR, Poulin R, Shinichi N (2013) A tale of two phylogenies: comparative analyses of ecological interactions. The American Naturalist 183(2): 174-187",Altai
167,Web of life,A_HP_004,Host-Parasite,"Hadfield JD, Krasnov BR, Poulin R, Shinichi N (2013) A tale of two phylogenies: comparative analyses of ecological interactions. The American Naturalist 183(2): 174-187",Amur
168,Web of life,A_HP_005,Host-Parasite,"Hadfield JD, Krasnov BR, Poulin R, Shinichi N (2013) A tale of two phylogenies: comparative analyses of ecological interactions. The American Naturalist 183(2): 174-187",Amur-Bureya
169,Web of life,A_HP_006,Host-Parasite,"Hadfield JD, Krasnov BR, Poulin R, Shinichi N (2013) A tale of two phylogenies: comparative analyses of ecological interactions. The American Naturalist 183(2): 174-187",Armenia
170,Web of life,A_HP_007,Host-Parasite,"Hadfield JD, Krasnov BR, Poulin R, Shinichi N (2013) A tale of two phylogenies: comparative analyses of ecological interactions. The American Naturalist 183(2): 174-187",Central Yakutia
171,Web of life,A_HP_008,Host-Parasite,"Hadfield JD, Krasnov BR, Poulin R, Shinichi N (2013) A tale of two phylogenies: comparative analyses of ecological interactions. The American Naturalist 183(2): 174-187",Chimkent
172,Web of life,A_HP_009,Host-Parasite,"Hadfield JD, Krasnov BR, Poulin R, Shinichi N (2013) A tale of two phylogenies: comparative analyses of ecological interactions. The American Naturalist 183(2): 174-187",Dzhungarsky Alatau
173,Web of life,A_HP_010,Host-Parasite,"Hadfield JD, Krasnov BR, Poulin R, Shinichi N (2013) A tale of two phylogenies: comparative analyses of ecological interactions. The American Naturalist 183(2): 174-187",East Balkhash
174,Web of life,A_HP_011,Host-Parasite,"Hadfield JD, Krasnov BR, Poulin R, Shinichi N (2013) A tale of two phylogenies: comparative analyses of ecological interactions. The American Naturalist 183(2): 174-187",East Pamir
175,Web of life,A_HP_012,Host-Parasite,"Hadfield JD, Krasnov BR, Poulin R, Shinichi N (2013) A tale of two phylogenies: comparative analyses of ecological interactions. The American Naturalist 183(2): 174-187",Gissar
176,Web of life,A_HP_013,Host-Parasite,"Hadfield JD, Krasnov BR, Poulin R, Shinichi N (2013) A tale of two phylogenies: comparative analyses of ecological interactions. The American Naturalist 183(2): 174-187",Guriev
177,Web of life,A_HP_014,Host-Parasite,"Hadfield JD, Krasnov BR, Poulin R, Shinichi N (2013) A tale of two phylogenies: comparative analyses of ecological interactions. The American Naturalist 183(2): 174-187",Kabarda
178,Web of life,A_HP_015,Host-Parasite,"Hadfield JD, Krasnov BR, Poulin R, Shinichi N (2013) A tale of two phylogenies: comparative analyses of ecological interactions. The American Naturalist 183(2): 174-187",Kamchatka
179,Web of life,A_HP_016,Host-Parasite,"Hadfield JD, Krasnov BR, Poulin R, Shinichi N (2013) A tale of two phylogenies: comparative analyses of ecological interactions. The American Naturalist 183(2): 174-187",Khabarovsk
180,Web of life,A_HP_017,Host-Parasite,"Hadfield JD, Krasnov BR, Poulin R, Shinichi N (2013) A tale of two phylogenies: comparative analyses of ecological interactions. The American Naturalist 183(2): 174-187",Khasan
181,Web of life,A_HP_018,Host-Parasite,"Hadfield JD, Krasnov BR, Poulin R, Shinichi N (2013) A tale of two phylogenies: comparative analyses of ecological interactions. The American Naturalist 183(2): 174-187",Kostroma
182,Web of life,A_HP_019,Host-Parasite,"Hadfield JD, Krasnov BR, Poulin R, Shinichi N (2013) A tale of two phylogenies: comparative analyses of ecological interactions. The American Naturalist 183(2): 174-187",Krasnojarsk
183,Web of life,A_HP_020,Host-Parasite,"Hadfield JD, Krasnov BR, Poulin R, Shinichi N (2013) A tale of two phylogenies: comparative analyses of ecological interactions. The American Naturalist 183(2): 174-187",Kurgan
184,Web of life,A_HP_021,Host-Parasite,"Hadfield JD, Krasnov BR, Poulin R, Shinichi N (2013) A tale of two phylogenies: comparative analyses of ecological interactions. The American Naturalist 183(2): 174-187",Kursk
185,Web of life,A_HP_022,Host-Parasite,"Hadfield JD, Krasnov BR, Poulin R, Shinichi N (2013) A tale of two phylogenies: comparative analyses of ecological interactions. The American Naturalist 183(2): 174-187",Kustanai
186,Web of life,A_HP_023,Host-Parasite,"Hadfield JD, Krasnov BR, Poulin R, Shinichi N (2013) A tale of two phylogenies: comparative analyses of ecological interactions. The American Naturalist 183(2): 174-187",Middle Urals
187,Web of life,A_HP_024,Host-Parasite,"Hadfield JD, Krasnov BR, Poulin R, Shinichi N (2013) A tale of two phylogenies: comparative analyses of ecological interactions. The American Naturalist 183(2): 174-187",Mongolia-Central Khangay
188,Web of life,A_HP_025,Host-Parasite,"Hadfield JD, Krasnov BR, Poulin R, Shinichi N (2013) A tale of two phylogenies: comparative analyses of ecological interactions. The American Naturalist 183(2): 174-187",Mongolia-NorthWestern Khangay
189,Web of life,A_HP_026,Host-Parasite,"Hadfield JD, Krasnov BR, Poulin R, Shinichi N (2013) A tale of two phylogenies: comparative analyses of ecological interactions. The American Naturalist 183(2): 174-187",Moscow
190,Web of life,A_HP_027,Host-Parasite,"Hadfield JD, Krasnov BR, Poulin R, Shinichi N (2013) A tale of two phylogenies: comparative analyses of ecological interactions. The American Naturalist 183(2): 174-187",Moyyunkum
191,Web of life,A_HP_028,Host-Parasite,"Hadfield JD, Krasnov BR, Poulin R, Shinichi N (2013) A tale of two phylogenies: comparative analyses of ecological interactions. The American Naturalist 183(2): 174-187",Nakhichevan
192,Web of life,A_HP_029,Host-Parasite,"Hadfield JD, Krasnov BR, Poulin R, Shinichi N (2013) A tale of two phylogenies: comparative analyses of ecological interactions. The American Naturalist 183(2): 174-187",Kyrgyz Republic
193,Web of life,A_HP_030,Host-Parasite,"Hadfield JD, Krasnov BR, Poulin R, Shinichi N (2013) A tale of two phylogenies: comparative analyses of ecological interactions. The American Naturalist 183(2): 174-187",North Russian Far East
194,Web of life,A_HP_031,Host-Parasite,"Hadfield JD, Krasnov BR, Poulin R, Shinichi N (2013) A tale of two phylogenies: comparative analyses of ecological interactions. The American Naturalist 183(2): 174-187",Novosibirsk
195,Web of life,A_HP_032,Host-Parasite,"Hadfield JD, Krasnov BR, Poulin R, Shinichi N (2013) A tale of two phylogenies: comparative analyses of ecological interactions. The American Naturalist 183(2): 174-187",Pavlodar
196,Web of life,A_HP_033,Host-Parasite,"Hadfield JD, Krasnov BR, Poulin R, Shinichi N (2013) A tale of two phylogenies: comparative analyses of ecological interactions. The American Naturalist 183(2): 174-187",Poland
197,Web of life,A_HP_034,Host-Parasite,"Hadfield JD, Krasnov BR, Poulin R, Shinichi N (2013) A tale of two phylogenies: comparative analyses of ecological interactions. The American Naturalist 183(2): 174-187",Pre-Polar Urals
198,Web of life,A_HP_035,Host-Parasite,"Hadfield JD, Krasnov BR, Poulin R, Shinichi N (2013) A tale of two phylogenies: comparative analyses of ecological interactions. The American Naturalist 183(2): 174-187",Scotland
199,Web of life,A_HP_036,Host-Parasite,"Hadfield JD, Krasnov BR, Poulin R, Shinichi N (2013) A tale of two phylogenies: comparative analyses of ecological interactions. The American Naturalist 183(2): 174-187",Selenga
200,Web of life,A_HP_037,Host-Parasite,"Hadfield JD, Krasnov BR, Poulin R, Shinichi N (2013) A tale of two phylogenies: comparative analyses of ecological interactions. The American Naturalist 183(2): 174-187",Slovakia
201,Web of life,A_HP_038,Host-Parasite,"Hadfield JD, Krasnov BR, Poulin R, Shinichi N (2013) A tale of two phylogenies: comparative analyses of ecological interactions. The American Naturalist 183(2): 174-187",Southwestern Azerbajan
202,Web of life,A_HP_039,Host-Parasite,"Hadfield JD, Krasnov BR, Poulin R, Shinichi N (2013) A tale of two phylogenies: comparative analyses of ecological interactions. The American Naturalist 183(2): 174-187",Sweden
203,Web of life,A_HP_040,Host-Parasite,"Hadfield JD, Krasnov BR, Poulin R, Shinichi N (2013) A tale of two phylogenies: comparative analyses of ecological interactions. The American Naturalist 183(2): 174-187",Syugaty
204,Web of life,A_HP_041,Host-Parasite,"Hadfield JD, Krasnov BR, Poulin R, Shinichi N (2013) A tale of two phylogenies: comparative analyses of ecological interactions. The American Naturalist 183(2): 174-187",Taimyr
205,Web of life,A_HP_042,Host-Parasite,"Hadfield JD, Krasnov BR, Poulin R, Shinichi N (2013) A tale of two phylogenies: comparative analyses of ecological interactions. The American Naturalist 183(2): 174-187",Tarbagatai
206,Web of life,A_HP_043,Host-Parasite,"Hadfield JD, Krasnov BR, Poulin R, Shinichi N (2013) A tale of two phylogenies: comparative analyses of ecological interactions. The American Naturalist 183(2): 174-187",Terskey Alatau
207,Web of life,A_HP_044,Host-Parasite,"Hadfield JD, Krasnov BR, Poulin R, Shinichi N (2013) A tale of two phylogenies: comparative analyses of ecological interactions. The American Naturalist 183(2): 174-187",Tomsk-Tumen
208,Web of life,A_HP_045,Host-Parasite,"Hadfield JD, Krasnov BR, Poulin R, Shinichi N (2013) A tale of two phylogenies: comparative analyses of ecological interactions. The American Naturalist 183(2): 174-187",Trans-Ili Altau
209,Web of life,A_HP_046,Host-Parasite,"Hadfield JD, Krasnov BR, Poulin R, Shinichi N (2013) A tale of two phylogenies: comparative analyses of ecological interactions. The American Naturalist 183(2): 174-187",Turkmenistan
210,Web of life,A_HP_047,Host-Parasite,"Hadfield JD, Krasnov BR, Poulin R, Shinichi N (2013) A tale of two phylogenies: comparative analyses of ecological interactions. The American Naturalist 183(2): 174-187",Tyva
211,Web of life,A_HP_048,Host-Parasite,"Hadfield JD, Krasnov BR, Poulin R, Shinichi N (2013) A tale of two phylogenies: comparative analyses of ecological interactions. The American Naturalist 183(2): 174-187",Ural Valley
212,Web of life,A_HP_049,Host-Parasite,"Hadfield JD, Krasnov BR, Poulin R, Shinichi N (2013) A tale of two phylogenies: comparative analyses of ecological interactions. The American Naturalist 183(2): 174-187",Ussury
213,Web of life,A_HP_050,Host-Parasite,"Hadfield JD, Krasnov BR, Poulin R, Shinichi N (2013) A tale of two phylogenies: comparative analyses of ecological interactions. The American Naturalist 183(2): 174-187",Volga-Kama
214,Web of life,A_HP_051,Host-Parasite,"Hadfield JD, Krasnov BR, Poulin R, Shinichi N (2013) A tale of two phylogenies: comparative analyses of ecological interactions. The American Naturalist 183(2): 174-187",Western-Sayan
215,Web of life,A_PH_004,Plant-Herbivore,"Joern, A. 1979. Feeding patterns in grasshoppers (Orthoptera: Acrididae): factors influencing diet specialization. Oecologia 38: 325-347","Altuda, Trans-Pecos, Texas"
216,Web of life,A_PH_005,Plant-Herbivore,"Joern, A. 1979. Feeding patterns in grasshoppers (Orthoptera: Acrididae): factors influencing diet specialization. Oecologia 38: 325-347","Marathon, Trans-Pecos, Texas"
217,Web of life,A_PH_006,Plant-Herbivore,"Leather, S.R. 1991. Feeding specialisation and host distribution of British and Finnish Prunus feeding macrolepidoptera. OIKOS 60: 40-48.",Britain
218,Web of life,A_PH_007,Plant-Herbivore,"Leather, S.R. 1991. Feeding specialisation and host distribution of British and Finnish Prunus feeding macrolepidoptera. OIKOS 60: 40-48.",Finland
219,Web of life,M_PA_001,Plant-Ant,"Davidson, D.W., R.R. Snelling, and J.T. Longino. 1989. Competition among ants for myrmecophytes and the significance of plant trichomes. Biotropica 21: 64-73",Estacion Biologica de Cocha Cashu
220,Web of life,M_PA_002,Plant-Ant,"Davidson, D.W., and B.L. Fisher. 1991. Symbiosis of ants with Cecropia as a function of light regime. Pages 289-309 in C.R. Huxley and D.F. Cutler, eds., Ant-Plant Interactions. Oxford University Press, Oxford.","Madre de Dios, Peru"
221,Web of life,M_PA_003,Plant-Ant,"Fonseca, C.R., and G. Ganade. 1996. Asymmetries, compartments and null interactions in an Amazonian ant-plant community. Journal of Animal Ecology 66: 339-347.",Biological Dynamics of Forest Fragments Project
222,Web of life,M_PA_004,Plant-Ant,Bottom-up control and co-occurrence in complex communities: honeydew and nectar determine a rainforest ant mosaic. Oikos 106: 344-358,Australian Canopy Crane
223,Dryad,interactions_now.csv,Plant-Pollinator,"Burkle, L. A., Marlin, J. C., & Knight, T. M. (2013). Plant-pollinator interactions over 120 years: loss of species, co-occurrence, and function. Science, 339(6127), 1611-1615.",
224,Figshare,14-2006.txt,Buyer-Seller,"Hernandez, L., Vignes, A., & Saba, S. (2018). Trust or robustness? An ecological approach to the study of auction and bilateral markets. PloS one, 13(5), e0196206.",
225,Figshare,14-2007.txt,Buyer-Seller,"Hernandez, L., Vignes, A., & Saba, S. (2018). Trust or robustness? An ecological approach to the study of auction and bilateral markets. PloS one, 13(5), e0196206.",
226,Figshare,15-2006.txt,Buyer-Seller,"Hernandez, L., Vignes, A., & Saba, S. (2018). Trust or robustness? An ecological approach to the study of auction and bilateral markets. PloS one, 13(5), e0196206.",
227,Figshare,15-2007.txt,Buyer-Seller,"Hernandez, L., Vignes, A., & Saba, S. (2018). Trust or robustness? An ecological approach to the study of auction and bilateral markets. PloS one, 13(5), e0196206.",
228,Figshare,16-2006.txt,Buyer-Seller,"Hernandez, L., Vignes, A., & Saba, S. (2018). Trust or robustness? An ecological approach to the study of auction and bilateral markets. PloS one, 13(5), e0196206.",
229,Figshare,16-2007.txt,Buyer-Seller,"Hernandez, L., Vignes, A., & Saba, S. (2018). Trust or robustness? An ecological approach to the study of auction and bilateral markets. PloS one, 13(5), e0196206.",
230,Figshare,17-2006.txt,Buyer-Seller,"Hernandez, L., Vignes, A., & Saba, S. (2018). Trust or robustness? An ecological approach to the study of auction and bilateral markets. PloS one, 13(5), e0196206.",
231,Figshare,17-2007.txt,Buyer-Seller,"Hernandez, L., Vignes, A., & Saba, S. (2018). Trust or robustness? An ecological approach to the study of auction and bilateral markets. PloS one, 13(5), e0196206.",
